character,line
TONY STARK,guys
TONY STARK,I
TONY STARK,woman
TONY STARK,.
TONY STARK,twins
TONY STARK,club
TONY STARK,Native
TONY STARK,truisms
TONY STARK,particles
TONY STARK,House
TONY STARK,man
TONY STARK,sec
TONY STARK,fact
TONY STARK,You
TONY STARK,stop
TONY STARK,field
TONY STARK,top
TONY STARK,shoot
TONY STARK,I
TONY STARK,I
TONY STARK,Berkeley
TONY STARK,baby
TONY STARK,Tony
TONY STARK,peace
TONY STARK,Hitler
TONY STARK,technology
TONY STARK,Five
TONY STARK,tonight
TONY STARK,plans
TONY STARK,What
TONY STARK,it
TONY STARK,plans
TONY STARK,birthday
TONY STARK,Something
TONY STARK,...
TONY STARK,Potts
TONY STARK,car
TONY STARK,Laphroig
TONY STARK,hour
TONY STARK,morning
TONY STARK,thing
TONY STARK,top
TONY STARK,Zagreb
TONY STARK,topics
TONY STARK,War
TONY STARK,yours
TONY STARK,Line
TONY STARK,early
TONY STARK,PJs
TONY STARK,Jimmy
TONY STARK,base
TONY STARK,What
TONY STARK,I
TONY STARK,we
TONY STARK,I
TONY STARK,all
TONY STARK,he
TONY STARK,week
TONY STARK,AP
TONY STARK,cups
TONY STARK,cards
TONY STARK,powerful
TONY STARK,I
TONY STARK,Kelvin
TONY STARK,palladium
TONY STARK,I
TONY STARK,you
TONY STARK,mousetrap
TONY STARK,ARK
TONY STARK,week
TONY STARK,second
TONY STARK,minutes
TONY STARK,a
TONY STARK,Lebanon
TONY STARK,MIT
TONY STARK,Cambridge
TONY STARK,they
TONY STARK,assembly
TONY STARK,You
TONY STARK,family
TONY STARK,.
TONY STARK,laundry
TONY STARK,systems
TONY STARK,YINSEN
TONY STARK,ve
TONY STARK,thing--
TONY STARK,boss
TONY STARK,hair
TONY STARK,press
TONY STARK,You
TONY STARK,ca
TONY STARK,I
TONY STARK,That
TONY STARK,thugs
TONY STARK,things
TONY STARK,Industries
TONY STARK,Wait
TONY STARK,things
TONY STARK,the
TONY STARK,it
TONY STARK,Thanks
TONY STARK,Jarvis
TONY STARK,heart
TONY STARK,scan
TONY STARK,heart
TONY STARK,invention
TONY STARK,recommendations
TONY STARK,you
TONY STARK,It
TONY STARK,personality
TONY STARK,Fine
TONY STARK,Ahh
TONY STARK,Machine
TONY STARK,Pepper
TONY STARK,hands
TONY STARK,hands
TONY STARK,hands
TONY STARK,future
TONY STARK,unit
TONY STARK,I
TONY STARK,socket
TONY STARK,minutes
TONY STARK,arrest
TONY STARK,I
TONY STARK,nerve
TONY STARK,I
TONY STARK,piece--
TONY STARK,heart
TONY STARK,left
TONY STARK,Right
TONY STARK,Left
TONY STARK,press
TONY STARK,discharge
TONY STARK,you
TONY STARK,unit
TONY STARK,It
TONY STARK,prototype
TONY STARK,thing
TONY STARK,It
TONY STARK,things
TONY STARK,Shoot
TONY STARK,I
TONY STARK,Potts
TONY STARK,Jarvis
TONY STARK,percent
TONY STARK,I
TONY STARK,plane
TONY STARK,Who
TONY STARK,Why
TONY STARK,time
TONY STARK,work
TONY STARK,part
TONY STARK,I
TONY STARK,time
TONY STARK,.
TONY STARK,flight
TONY STARK,direction
TONY STARK,decision
TONY STARK,I
TONY STARK,What
TONY STARK,company
TONY STARK,stocks
TONY STARK,calibration
TONY STARK,flight
TONY STARK,That
TONY STARK,woman
TONY STARK,Jarvis
TONY STARK,STATUS
TONY STARK,Directive
TONY STARK,Jarvis
TONY STARK,Perfect
TONY STARK,pressurization
TONY STARK,Tactical
TONY STARK,you
TONY STARK,air
TONY STARK,time
TONY STARK,Lots
TONY STARK,I
TONY STARK,Potts
TONY STARK,taste
TONY STARK,I
TONY STARK,I
TONY STARK,...
TONY STARK,wine
TONY STARK,Okay
TONY STARK,cheeseburger
TONY STARK,panic
TONY STARK,invitations
TONY STARK,these
TONY STARK,shipment
TONY STARK,Industries
TONY STARK,Pepper
TONY STARK,I
TONY STARK,business
TONY STARK,company
TONY STARK,car
TONY STARK,This
TONY STARK,Dubai
TONY STARK,me
TONY STARK,Life
TONY STARK,I
TONY STARK,home
TONY STARK,Jarvis
TONY STARK,time
TONY STARK,anything
TONY STARK,kingdom
TONY STARK,BRAKES
TONY STARK,UAV
TONY STARK,me
TONY STARK,people
TONY STARK,I
TONY STARK,defense
TONY STARK,sidelines
TONY STARK,That
TONY STARK,mainframe
TONY STARK,weapons
TONY STARK,opening
TONY STARK,irresponsibility
TONY STARK,Pepper
TONY STARK,What
TONY STARK,Jarvis
TONY STARK,Pepper
TONY STARK,Pepper
TONY STARK,Agents
TONY STARK,?
TONY STARK,thing
TONY STARK,world
TONY STARK,world
TONY STARK,Pepper--
TONY STARK,room
TONY STARK,fight
TONY STARK,Emergency
TONY STARK,NOW
TONY STARK,panel
TONY STARK,rate
TONY STARK,Damn
TONY STARK,people
TONY STARK,car
TONY STARK,meltdown--
TONY STARK,It
TONY STARK,Pepper
TONY STARK,electricity
TONY STARK,submarine
TONY STARK,PEPPER
TONY STARK,hand
TONY STARK,father
TONY STARK,beginning
TONY STARK,yacht
TONY STARK,ceramic
TONY STARK,Miss
TONY STARK,Man
TONY STARK,left
TONY STARK,front
TONY STARK,Yes
TONY STARK,accusations
TONY STARK,It
TONY STARK,history
TONY STARK,generations
TONY STARK,zoo
TONY STARK,I
TONY STARK,Hey
TONY STARK,pleasure
TONY STARK,you
TONY STARK,Oracle
TONY STARK,people
TONY STARK,mellow
TONY STARK,it
TONY STARK,car
TONY STARK,you
TONY STARK,I
TONY STARK,wheel
TONY STARK,What
TONY STARK,What
TONY STARK,Yikes
TONY STARK,peeve
TONY STARK,badge
TONY STARK,D.C.
TONY STARK,dear
TONY STARK,Absolutely
TONY STARK,I
TONY STARK,weapon
TONY STARK,description
TONY STARK,I
TONY STARK,prosthesis
TONY STARK,American
TONY STARK,servitude
TONY STARK,prostitution
TONY STARK,attendance
TONY STARK,buddy
TONY STARK,I
TONY STARK,I
TONY STARK,Defence
TONY STARK,second
TONY STARK,North
TONY STARK,TV
TONY STARK,countries
TONY STARK,point
TONY STARK,world
TONY STARK,Okay
TONY STARK,Daddy
TONY STARK,God
TONY STARK,palladium
TONY STARK,they
TONY STARK,Mute
TONY STARK,What
TONY STARK,sniffles
TONY STARK,business
TONY STARK,America
TONY STARK,collection
TONY STARK,write
TONY STARK,Bridgeport
TONY STARK,mask
TONY STARK,concern
TONY STARK,art
TONY STARK,I
TONY STARK,stocks
TONY STARK,You
TONY STARK,subject
TONY STARK,I
TONY STARK,wind
TONY STARK,idea
TONY STARK,alert
TONY STARK,idea
TONY STARK,company
TONY STARK,I
TONY STARK,I
TONY STARK,me
TONY STARK,I
TONY STARK,Industries
TONY STARK,you
TONY STARK,time
TONY STARK,arts
TONY STARK,them
TONY STARK,lady
TONY STARK,centre
TONY STARK,court
TONY STARK,lesson
TONY STARK,Pepper
TONY STARK,Who
TONY STARK,boss
TONY STARK,time
TONY STARK,Natalie
TONY STARK,individual
TONY STARK,Latin
TONY STARK,Latin
TONY STARK,Tokyo
TONY STARK,I
TONY STARK,I
TONY STARK,You
TONY STARK,TKO
TONY STARK,soul
TONY STARK,Right
TONY STARK,boss
TONY STARK,No
TONY STARK,I
TONY STARK,Europe
TONY STARK,Hey
TONY STARK,It
TONY STARK,What
TONY STARK,Smile
TONY STARK,thing
TONY STARK,You
TONY STARK,docket
TONY STARK,11:00
TONY STARK,this
TONY STARK,it
TONY STARK,Merlin
TONY STARK,You
TONY STARK,massage
TONY STARK,Natalie
TONY STARK,way
TONY STARK,colour
TONY STARK,Earth
TONY STARK,Hammer
TONY STARK,roughly
TONY STARK,story
TONY STARK,That
TONY STARK,me
TONY STARK,I
TONY STARK,this
TONY STARK,God
TONY STARK,contract
TONY STARK,difference
TONY STARK,slot
TONY STARK,Yes
TONY STARK,Christine
TONY STARK,ideas
TONY STARK,use
TONY STARK,car
TONY STARK,it
TONY STARK,you
TONY STARK,him
TONY STARK,I
TONY STARK,security
TONY STARK,security
TONY STARK,security
TONY STARK,Football
TONY STARK,case
TONY STARK,Calm
TONY STARK,case
TONY STARK,we
TONY STARK,minutes
TONY STARK,places
TONY STARK,thieves
TONY STARK,I
TONY STARK,shot
TONY STARK,soap
TONY STARK,Mute
TONY STARK,flight
TONY STARK,hours
TONY STARK,Europe
TONY STARK,place
TONY STARK,time
TONY STARK,CEO
TONY STARK,retreat
TONY STARK,batteries
TONY STARK,’s
TONY STARK,box
TONY STARK,palladium
TONY STARK,damage
TONY STARK,rash
TONY STARK,belief
TONY STARK,look
TONY STARK,it
TONY STARK,message
TONY STARK,hand
TONY STARK,birthday
TONY STARK,Tony
TONY STARK,I
TONY STARK,cake
TONY STARK,control
TONY STARK,smooch
TONY STARK,you
TONY STARK,system
TONY STARK,water
TONY STARK,you
TONY STARK,Gallagher
TONY STARK,Goldstein
TONY STARK,ass
TONY STARK,Man
TONY STARK,You
TONY STARK,suit
TONY STARK,shot
TONY STARK,shot
TONY STARK,!
TONY STARK,it
TONY STARK,boy
TONY STARK,foot
TONY STARK,staff
TONY STARK,I
TONY STARK,You
TONY STARK,Hi
TONY STARK,I
TONY STARK,He
TONY STARK,What
TONY STARK,seconds
TONY STARK,boxes
TONY STARK,palladium
TONY STARK,I
TONY STARK,Vanko
TONY STARK,I
TONY STARK,He
TONY STARK,fan
TONY STARK,school
TONY STARK,dad
TONY STARK,What
TONY STARK,What
TONY STARK,I
TONY STARK,I
TONY STARK,Yeah
TONY STARK,Cross
TONY STARK,I
TONY STARK,much
TONY STARK,dough
TONY STARK,It
TONY STARK,things
TONY STARK,Sometimes
TONY STARK,Relax
TONY STARK,here
TONY STARK,second
TONY STARK,Mute
TONY STARK,stuff
TONY STARK,I
TONY STARK,I
TONY STARK,phone
TONY STARK,I
TONY STARK,Ferris
TONY STARK,life
TONY STARK,Yes
TONY STARK,progress
TONY STARK,I
TONY STARK,I
TONY STARK,Hap
TONY STARK,Natalie
TONY STARK,It
TONY STARK,Latin
TONY STARK,wire
TONY STARK,buildings
TONY STARK,Jarvis
TONY STARK,entrances
TONY STARK,Dad
TONY STARK,fellas
TONY STARK,years
TONY STARK,Fabulous
TONY STARK,That
TONY STARK,work
TONY STARK,Enchantment
TONY STARK,stuff
TONY STARK,Thanks
TONY STARK,you
TONY STARK,That
TONY STARK,mess
TONY STARK,Enchantment
TONY STARK,You
TONY STARK,guy
TONY STARK,him
TONY STARK,Jarvis
TONY STARK,it
TONY STARK,tests
TONY STARK,Jarvis
TONY STARK,trouble
TONY STARK,wave
TONY STARK,danger
TONY STARK,Vanko
TONY STARK,What
TONY STARK,Vanko
TONY STARK,me
TONY STARK,that
TONY STARK,it
TONY STARK,Jarvis
TONY STARK,what
TONY STARK,Jarvis
TONY STARK,work
TONY STARK,Expo
TONY STARK,it
TONY STARK,you
TONY STARK,Crocs
TONY STARK,buddy
TONY STARK,Romanoff
TONY STARK,moment
TONY STARK,I
TONY STARK,I
TONY STARK,You
TONY STARK,I
TONY STARK,Pepper
TONY STARK,I
TONY STARK,Hammeroid
TONY STARK,Venice
TONY STARK,buddy
TONY STARK,You
TONY STARK,n’t
TONY STARK,position
TONY STARK,second
TONY STARK,you
TONY STARK,What
TONY STARK,gun
TONY STARK,whistles
TONY STARK,I
TONY STARK,’s
TONY STARK,that
TONY STARK,Get
TONY STARK,boss
TONY STARK,Hammer
TONY STARK,hero
TONY STARK,sidekick
TONY STARK,Yep
TONY STARK,it
TONY STARK,Pepper
TONY STARK,You
TONY STARK,me
TONY STARK,I
TONY STARK,excuses
TONY STARK,excuses
TONY STARK,You
TONY STARK,care
TONY STARK,.
TONY STARK,up
TONY STARK,week
TONY STARK,I
TONY STARK,Weird
TONY STARK,It
TONY STARK,me
TONY STARK,we
TONY STARK,You
TONY STARK,liners
TONY STARK,ass
TONY STARK,that
TONY STARK,I
TONY STARK,behaviour
TONY STARK,Pepper
TONY STARK,exchange
TONY STARK,end
TONY STARK,self
TONY STARK,I
TONY STARK,Christmas
TONY STARK,moment
TONY STARK,I
TONY STARK,JARVIS
TONY STARK,question
TONY STARK,All
TONY STARK,Tower
TONY STARK,argument
TONY STARK,snafu
TONY STARK,elevator
TONY STARK,workmen
TONY STARK,Potts
TONY STARK,mum
TONY STARK,Ah-
TONY STARK,Tony
TONY STARK,Security
TONY STARK,Phil
TONY STARK,Agent
TONY STARK,Which
TONY STARK,things
TONY STARK,Thursday
TONY STARK,The
TONY STARK,others
TONY STARK,sec
TONY STARK,moment
TONY STARK,Phil
TONY STARK,...
TONY STARK,Tomorrow
TONY STARK,I
TONY STARK,deal
TONY STARK,move
TONY STARK,Captain
TONY STARK,Ages
TONY STARK,fellow
TONY STARK,things
TONY STARK,Fury
TONY STARK,guy
TONY STARK,plan
TONY STARK,stuff
TONY STARK,th
TONY STARK,Cube
TONY STARK,bout
TONY STARK,he
TONY STARK,SHIELD
TONY STARK,energy
TONY STARK,night
TONY STARK,Tunneling
TONY STARK,English
TONY STARK,collisions
TONY STARK,we
TONY STARK,route
TONY STARK,You
TONY STARK,stress
TONY STARK,Nothing
TONY STARK,weed
TONY STARK,things
TONY STARK,man
TONY STARK,Fury
TONY STARK,secrets
TONY STARK,clean
TONY STARK,files
TONY STARK,SHIELD
TONY STARK,intelligence
TONY STARK,style
TONY STARK,use
TONY STARK,ice
TONY STARK,kit
TONY STARK,rest
TONY STARK,second
TONY STARK,I
TONY STARK,ve
TONY STARK,I
TONY STARK,you
TONY STARK,thing
TONY STARK,Phase
TONY STARK,Nick
TONY STARK,deterrent
TONY STARK,Wait
TONY STARK,I
TONY STARK,bees
TONY STARK,VERBAL
TONY STARK,RESPECT
TONY STARK,steam
TONY STARK,I
TONY STARK,philanthropist
TONY STARK,wire
TONY STARK,Rogers
TONY STARK,I
TONY STARK,You
TONY STARK,man
TONY STARK,Yep
TONY STARK,I
TONY STARK,engine
TONY STARK,overload
TONY STARK,you
TONY STARK,jump
TONY STARK,polarity
TONY STARK,lever
TONY STARK,Yep
TONY STARK,Cap
TONY STARK,Lever
TONY STARK,cellist
TONY STARK,idiot
TONY STARK,Loki
TONY STARK,league
TONY STARK,him
TONY STARK,Fury
TONY STARK,He
TONY STARK,Loki
TONY STARK,conquer
TONY STARK,opening
TONY STARK,Selvig
TONY STARK,Okay
TONY STARK,I
TONY STARK,clock
TONY STARK,I
TONY STARK,destiny
TONY STARK,drink
TONY STARK,thing
TONY STARK,fella
TONY STARK,plan
TONY STARK,Hulk
TONY STARK,top
TONY STARK,performance
TONY STARK,Phil
TONY STARK,thru
TONY STARK,them
TONY STARK,Banner
TONY STARK,JARVIS
TONY STARK,It
TONY STARK,Thor
TONY STARK,Banner
TONY STARK,party
TONY STARK,Hold
TONY STARK,it
TONY STARK,Legolas
TONY STARK,streets
TONY STARK,call
TONY STARK,he
TONY STARK,Jonah
TONY STARK,long
TONY STARK,thrusters
TONY STARK,wait
TONY STARK,minute
TONY STARK,J.
TONY STARK,Might
TONY STARK,hell
TONY STARK,shawarma
TONY STARK,shawarma
TONY STARK,demons
TONY STARK,you
TONY STARK,speech
TONY STARK,?
TONY STARK,combo
TONY STARK,town
TONY STARK,Ho
TONY STARK,guy
TONY STARK,heart
TONY STARK,Switzerland
TONY STARK,I
TONY STARK,He
TONY STARK,cut
TONY STARK,both
TONY STARK,One
TONY STARK,t
TONY STARK,Ladies
TONY STARK,notion
TONY STARK,talkin
TONY STARK,betcha
TONY STARK,.
TONY STARK,That
TONY STARK,a
TONY STARK,organism
TONY STARK,.
TONY STARK,bedroom
TONY STARK,ficus
TONY STARK,plants
TONY STARK,Huh
TONY STARK,It
TONY STARK,Changes
TONY STARK,woman
TONY STARK,Switzerland
TONY STARK,week
TONY STARK,telomerase
TONY STARK,We
TONY STARK,re
TONY STARK,Glitches
TONY STARK,!
TONY STARK,Happy
TONY STARK,morning
TONY STARK,Yep
TONY STARK,goodbye
TONY STARK,repeater
TONY STARK,Blood
TONY STARK,suit
TONY STARK,siesta
TONY STARK,Patriot
TONY STARK,Mandarin
TONY STARK,Nine
TONY STARK,tech
TONY STARK,Einstein
TONY STARK,You
TONY STARK,Dick
TONY STARK,name
TONY STARK,Christmas
TONY STARK,business
TONY STARK,I
TONY STARK,crayon
TONY STARK,What
TONY STARK,brain
TONY STARK,I
TONY STARK,Me
TONY STARK,I
TONY STARK,Security
TONY STARK,interns
TONY STARK,What
TONY STARK,Yeah
TONY STARK,Right
TONY STARK,You
TONY STARK,Switzerland
TONY STARK,guy
TONY STARK,what
TONY STARK,screen
TONY STARK,screen
TONY STARK,Relax
TONY STARK,drink
TONY STARK,brain
TONY STARK,I
TONY STARK,taser
TONY STARK,HR
TONY STARK,hobby
TONY STARK,bag
TONY STARK,guys
TONY STARK,day
TONY STARK,it
TONY STARK,dammit
TONY STARK,slit
TONY STARK,radiation
TONY STARK,Geiger
TONY STARK,Sorry
TONY STARK,He
TONY STARK,work
TONY STARK,Aldrich
TONY STARK,What
TONY STARK,concerned
TONY STARK,I
TONY STARK,New
TONY STARK,dimensions
TONY STARK,part
TONY STARK,Maybe
TONY STARK,.
TONY STARK,Better
TONY STARK,Pepper
TONY STARK,.
TONY STARK,mind
TONY STARK,thing
TONY STARK,Point
TONY STARK,King
TONY STARK,Chinese
TONY STARK,Happy
TONY STARK,factor
TONY STARK,Mandarin
TONY STARK,her
TONY STARK,Jarvis
TONY STARK,security
TONY STARK,Mandarin
TONY STARK,breakfast
TONY STARK,That
TONY STARK,thing
TONY STARK,botanist
TONY STARK,What
TONY STARK,I
TONY STARK,We
TONY STARK,She
TONY STARK,Yep
TONY STARK,night
TONY STARK,What
TONY STARK,this
TONY STARK,man
TONY STARK,Honey
TONY STARK,idea
TONY STARK,I
TONY STARK,this
TONY STARK,bunny
TONY STARK,I
TONY STARK,You
TONY STARK,I
TONY STARK,I
TONY STARK,What
TONY STARK,way
TONY STARK,flight
TONY STARK,That
TONY STARK,That
TONY STARK,alarm
TONY STARK,It
TONY STARK,Pepper
TONY STARK,suit
TONY STARK,bit
TONY STARK,Jarvis
TONY STARK,time
TONY STARK,gun
TONY STARK,box
TONY STARK,I
TONY STARK,point
TONY STARK,care
TONY STARK,Yeah
TONY STARK,Patriot
TONY STARK,it
TONY STARK,panels
TONY STARK,mode
TONY STARK,idea
TONY STARK,pain
TONY STARK,home
TONY STARK,sandwich
TONY STARK,Salvation
TONY STARK,school
TONY STARK,top
TONY STARK,Deal
TONY STARK,head
TONY STARK,time
TONY STARK,rusty
TONY STARK,it
TONY STARK,space
TONY STARK,people
TONY STARK,Chad
TONY STARK,sense
TONY STARK,that
TONY STARK,idea
TONY STARK,I
TONY STARK,issue
TONY STARK,second
TONY STARK,.
TONY STARK,.
TONY STARK,I
TONY STARK,God
TONY STARK,relatives
TONY STARK, 
TONY STARK,haircut
TONY STARK,edition
TONY STARK,Mrs.
TONY STARK,It
TONY STARK,loss
TONY STARK,somebody
TONY STARK,Mrs.
TONY STARK,weapon
TONY STARK,wings
TONY STARK,chicks
TONY STARK,Sweetheart
TONY STARK,bullies
TONY STARK,I
TONY STARK,thanks
TONY STARK,good
TONY STARK,me
TONY STARK,I
TONY STARK,Man
TONY STARK,orange
TONY STARK,pal
TONY STARK,AIM
TONY STARK,login
TONY STARK,password
TONY STARK,80s
TONY STARK,Patriot
TONY STARK,That
TONY STARK,Shh
TONY STARK,it
TONY STARK,he
TONY STARK,Shh
TONY STARK,Yep
TONY STARK,van
TONY STARK,name
TONY STARK,Gary
TONY STARK,is
TONY STARK,lot
TONY STARK,What
TONY STARK,It
TONY STARK,Right
TONY STARK,Baio
TONY STARK,guys
TONY STARK,mission
TONY STARK,Gary
TONY STARK,it
TONY STARK,Mandarin
TONY STARK,report
TONY STARK,you
TONY STARK,you
TONY STARK,Jarvis
TONY STARK,Syria
TONY STARK,speech
TONY STARK,first
TONY STARK,electricity
TONY STARK,name
TONY STARK,I
TONY STARK,.
TONY STARK,I
TONY STARK,kid
TONY STARK,!
TONY STARK,move
TONY STARK,What
TONY STARK,guy
TONY STARK,What
TONY STARK,It
TONY STARK,Ladies
TONY STARK,decoy
TONY STARK,words
TONY STARK,Trevor
TONY STARK,Next
TONY STARK,They
TONY STARK,you
TONY STARK,""""
TONY STARK,He
TONY STARK,Custom
TONY STARK,people
TONY STARK,friend
TONY STARK,...
TONY STARK,ties
TONY STARK,Killian
TONY STARK,dungeon
TONY STARK,.
TONY STARK,?
TONY STARK,bang
TONY STARK,I
TONY STARK,morning
TONY STARK,people
TONY STARK,Switzerland
TONY STARK,first
TONY STARK,You
TONY STARK,Sir
TONY STARK,world
TONY STARK,maniac
TONY STARK,Miami
TONY STARK,nice
TONY STARK,it
TONY STARK,friends
TONY STARK,You
TONY STARK,blood
TONY STARK,yourselves
TONY STARK,You
TONY STARK,Three
TONY STARK,rest
TONY STARK,way
TONY STARK,crap
TONY STARK,suit
TONY STARK,I
TONY STARK,Mandarin
TONY STARK,What
TONY STARK,people
TONY STARK,I
TONY STARK,Meryl
TONY STARK,Spill
TONY STARK,boat
TONY STARK,president
TONY STARK,?
TONY STARK,Pepper
TONY STARK,president
TONY STARK,Tony
TONY STARK,Mandarin
TONY STARK,suit
TONY STARK,That
TONY STARK,President
TONY STARK,son
TONY STARK,I
TONY STARK,name
TONY STARK,guy
TONY STARK,Monkeys
TONY STARK,monkey
TONY STARK,people
TONY STARK,monkey
TONY STARK,effort
TONY STARK,I
TONY STARK,president
TONY STARK,Jarvis
TONY STARK,Correct
TONY STARK,I
TONY STARK,execution
TONY STARK,I
TONY STARK,Six
TONY STARK,distance
TONY STARK,magazines
TONY STARK,stuff
TONY STARK,yours
TONY STARK,spot
TONY STARK,girl
TONY STARK,backup
TONY STARK,You
TONY STARK,Yep
TONY STARK,target
TONY STARK,church
TONY STARK,Jarvis
TONY STARK,Red
TONY STARK,I
TONY STARK,I
TONY STARK,time
TONY STARK,girlfriends
TONY STARK,dinner
TONY STARK,suit
TONY STARK,work
TONY STARK,Honey
TONY STARK,.
TONY STARK,Whatever
TONY STARK,Mark
TONY STARK,disengage
TONY STARK,devil
TONY STARK,bra
TONY STARK,You
TONY STARK,it
TONY STARK,you
TONY STARK,stuff
TONY STARK,Jarvis
TONY STARK,You
TONY STARK,Christmas
TONY STARK,morning
TONY STARK,shrapnel
TONY STARK,half
TONY STARK,you
TONY STARK,I
TONY STARK,none
TONY STARK,?
TONY STARK,time
TONY STARK,wound
TONY STARK,nanny
TONY STARK,!
TONY STARK,language
TONY STARK,casualties
TONY STARK,JARVIS
TONY STARK,wanna
TONY STARK,sake
TONY STARK,talk
TONY STARK,HQ
TONY STARK,files
TONY STARK,door
TONY STARK,eyes
TONY STARK,Dr.
TONY STARK,treatment
TONY STARK,wheel
TONY STARK,SHIELD
TONY STARK,Asgard
TONY STARK,revels
TONY STARK,boss
TONY STARK,Barton
TONY STARK,JARVIS
TONY STARK,elements
TONY STARK,reactor
TONY STARK,Time
TONY STARK,beverage
TONY STARK,Saturday
TONY STARK,Strucker
TONY STARK,UI
TONY STARK,Top
TONY STARK,competition
TONY STARK,it
TONY STARK,Um
TONY STARK,work
TONY STARK,Ultron
TONY STARK,Iron
TONY STARK,VERONICA
TONY STARK,aliens
TONY STARK,days
TONY STARK,hall
TONY STARK,Ultron
TONY STARK,Thanks
TONY STARK,I
TONY STARK,Peace
TONY STARK,No
TONY STARK,Miss
TONY STARK,earth
TONY STARK,Come
TONY STARK,week
TONY STARK,judgment
TONY STARK,challenge
TONY STARK,physics
TONY STARK,Asgard
TONY STARK,Prima
TONY STARK,team
TONY STARK,s
TONY STARK,Steve
TONY STARK,And
TONY STARK,king
TONY STARK,translation
TONY STARK,JARVIS
TONY STARK,Legionnaire
TONY STARK,sec
TONY STARK,one
TONY STARK,was
TONY STARK,buddy
TONY STARK,It
TONY STARK,hoot
TONY STARK,belly
TONY STARK,interface
TONY STARK,wormhole
TONY STARK,York
TONY STARK,space
TONY STARK,We
TONY STARK,What
TONY STARK,crime
TONY STARK,everything
TONY STARK,market
TONY STARK,a
TONY STARK,Wakanda
TONY STARK,earth
TONY STARK,heart
TONY STARK,second
TONY STARK,life
TONY STARK,Vibranium
TONY STARK,you
TONY STARK,Hulk
TONY STARK,Banner
TONY STARK,Relief
TONY STARK,hit
TONY STARK,run
TONY STARK,wanna
TONY STARK,hours
TONY STARK,house
TONY STARK,kind
TONY STARK,agents
TONY STARK,idea
TONY STARK,answers
TONY STARK,time
TONY STARK,you
TONY STARK,fashioned
TONY STARK,Ultron
TONY STARK,research
TONY STARK,fight
TONY STARK,Deere
TONY STARK,Hill
TONY STARK,Eugene
TONY STARK,director
TONY STARK,Avengers
TONY STARK,legacy
TONY STARK,part
TONY STARK,launch
TONY STARK,school
TONY STARK,whom
TONY STARK,Oslo
TONY STARK,Person
TONY STARK,NEXUS
TONY STARK,android
TONY STARK,yours
TONY STARK,Ultron
TONY STARK,codes
TONY STARK,Ultrond
TONY STARK,school
TONY STARK,that
TONY STARK,You
TONY STARK,codes
TONY STARK,JARVIS
TONY STARK,JARVIS
TONY STARK,personality
TONY STARK,scientists
TONY STARK,framework
TONY STARK,nonce
TONY STARK,gon
TONY STARK,That
TONY STARK,matrix
TONY STARK,What
TONY STARK,blood
TONY STARK,crack
TONY STARK,time
TONY STARK,cocktail
TONY STARK,mission
TONY STARK,FRIDAY
TONY STARK,FRIDAY
TONY STARK,it
TONY STARK,tub
TONY STARK,Cap
TONY STARK,Thor
TONY STARK,action
TONY STARK,city
TONY STARK,Impact
TONY STARK,it
TONY STARK,I
TONY STARK,seal
TONY STARK,Thor
TONY STARK,board
TONY STARK,time
TONY STARK,Banner
TONY STARK,Ultron
TONY STARK,man
TONY STARK,We
TONY STARK,Re
TONY STARK,Thor
TONY STARK,You
TONY STARK,Thor
TONY STARK,We
TONY STARK,machine
TONY STARK,hammer
TONY STARK,guy
TONY STARK,It
TONY STARK,you
TONY STARK,Yahtzee
TONY STARK,maintenance
TONY STARK,Pepper
TONY STARK,day
TONY STARK,You
TONY STARK,BARF
TONY STARK,way
TONY STARK,I
TONY STARK,conscience
TONY STARK,you
TONY STARK,hazard
TONY STARK,housing
TONY STARK,Who
TONY STARK,hands
TONY STARK,fact
TONY STARK,I
TONY STARK,case
TONY STARK,cleanup
TONY STARK,Consequences
TONY STARK,Ross
TONY STARK,jail
TONY STARK,Allies
TONY STARK,branch
TONY STARK,We
TONY STARK,break
TONY STARK,HYDRA
TONY STARK,times
TONY STARK,person
TONY STARK,you
TONY STARK,Cap
TONY STARK,Wanda
TONY STARK,Vision
TONY STARK,people
TONY STARK,US
TONY STARK,destruction
TONY STARK,ME
TONY STARK,FRIDAY
TONY STARK,Tom
TONY STARK,GSG-9
TONY STARK,Ross
TONY STARK,loafers
TONY STARK,arm
TONY STARK,jeez
TONY STARK,Hulk
TONY STARK,No
TONY STARK,yours
TONY STARK,Parker
TONY STARK,Tony
TONY STARK,-
TONY STARK,Right
TONY STARK,The
TONY STARK,you
TONY STARK,business
TONY STARK,I
TONY STARK,aunt
TONY STARK,date
TONY STARK,Yeah
TONY STARK,Yeah
TONY STARK,It
TONY STARK,minutes
TONY STARK,tech
TONY STARK,dumpster
TONY STARK,Me
TONY STARK,question
TONY STARK,skills
TONY STARK,Hmm
TONY STARK,Phoenix
TONY STARK,we
TONY STARK,Spider
TONY STARK,onesie
TONY STARK,Anybody
TONY STARK,aunt
TONY STARK,tensile
TONY STARK,gloves
TONY STARK,Lordy
TONY STARK,bottom
TONY STARK,Hmm
TONY STARK,you
TONY STARK,guy
TONY STARK,leg
TONY STARK,Germany
TONY STARK,it
TONY STARK,?
TONY STARK,I
TONY STARK,Hottie
TONY STARK,me
TONY STARK,people
TONY STARK,Ross
TONY STARK,yesterday
TONY STARK,kid
TONY STARK,conversation
TONY STARK,it
TONY STARK,job
TONY STARK,Avengers
TONY STARK,Barnes
TONY STARK,Cap
TONY STARK,Web
TONY STARK,Vision
TONY STARK,Clint
TONY STARK,golf
TONY STARK,time
TONY STARK,I
TONY STARK,wanna
TONY STARK,Neither
TONY STARK,Friday
TONY STARK,They
TONY STARK,Who
TONY STARK,Friday
TONY STARK,my
TONY STARK,suggestion
TONY STARK,side
TONY STARK,kid
TONY STARK,you
TONY STARK,side
TONY STARK,.
TONY STARK,You
TONY STARK,job
TONY STARK,Stay
TONY STARK,I
TONY STARK,Rhodey
TONY STARK,RHODES
TONY STARK,this
TONY STARK,I
TONY STARK,S1
TONY STARK,Nat
TONY STARK,agent
TONY STARK,Ross
TONY STARK,Friday
TONY STARK,chopper
TONY STARK,recognition
TONY STARK,head
TONY STARK,be
TONY STARK,Broussard
TONY STARK,Ross
TONY STARK,scanning
TONY STARK,Barton
TONY STARK,maniacs
TONY STARK,law
TONY STARK,I
TONY STARK,You
TONY STARK,kids
TONY STARK,Who
TONY STARK,tomorrow
TONY STARK,Steve
TONY STARK,equipment
TONY STARK,Barnes
TONY STARK,Cap
TONY STARK,Easy
TONY STARK,hell
TONY STARK,You
TONY STARK,Soldier
TONY STARK,Ross
TONY STARK,signatures
TONY STARK,one
TONY STARK,I
TONY STARK,road
TONY STARK,you
TONY STARK,me
TONY STARK,Move
TONY STARK,crap
TONY STARK,come
TONY STARK,I
TONY STARK,mom
TONY STARK,pattern
TONY STARK,ass
TONY STARK,warning
TONY STARK,shield
TONY STARK,first
TONY STARK,holder
TONY STARK,hand
TONY STARK,You
TONY STARK,him
TONY STARK,hold
TONY STARK,Underoos
TONY STARK,What
TONY STARK,I
TONY STARK,It
TONY STARK,alibi
TONY STARK,We
TONY STARK,frame
TONY STARK,May.
TONY STARK,internship
TONY STARK,asset
TONY STARK,bunch
TONY STARK,moment
TONY STARK,case
TONY STARK,cardiogram
TONY STARK,area
TONY STARK,No
TONY STARK,floor
TONY STARK,mission
TONY STARK,We
TONY STARK,I
TONY STARK,?
TONY STARK,hug
TONY STARK,heater
TONY STARK,What
TONY STARK,thing
TONY STARK,grade
TONY STARK,toast
TONY STARK,people
TONY STARK,you
TONY STARK,Cap
TONY STARK,college
TONY STARK,Parker
TONY STARK,D.C.
TONY STARK,shame
TONY STARK,things
TONY STARK,band
TONY STARK,Hey
TONY STARK,practice
TONY STARK,I
TONY STARK,Peter
TONY STARK,thanks
TONY STARK,FBI
TONY STARK,story
TONY STARK,Yes
TONY STARK,it
TONY STARK,suit
TONY STARK,it
TONY STARK,it
TONY STARK,dad
TONY STARK,that
TONY STARK,suit
TONY STARK,ride
TONY STARK,kid
TONY STARK,kid
TONY STARK,moment
TONY STARK,it
TONY STARK,time
TONY STARK,Avengers
TONY STARK,quarters
TONY STARK,It
TONY STARK,You
TONY STARK,You
TONY STARK,chance
TONY STARK,Happy
TONY STARK,Parker
TONY STARK,.
TONY STARK,you
TONY STARK,you
TONY STARK,choice
TONY STARK,car
TONY STARK,Hap
TONY STARK,ring
TONY STARK,.
TONY STARK,time
TONY STARK,hon
TONY STARK,I
TONY STARK,I
TONY STARK,pee
TONY STARK,pants
TONY STARK,.
TONY STARK,night
TONY STARK,Morgan
TONY STARK,Expecting
TONY STARK,Yes
TONY STARK,dream
TONY STARK,particles
TONY STARK,attachment
TONY STARK,case
TONY STARK,sentences
TONY STARK,tonight
TONY STARK,I
TONY STARK,tickets
TONY STARK,we
TONY STARK,Bruce
TONY STARK,You
TONY STARK,name
TONY STARK,timeline
TONY STARK,hitherto
TONY STARK,garbage
TONY STARK,Jerry
TONY STARK,It
TONY STARK,things
TONY STARK,chance
TONY STARK,balloon
TONY STARK,thing
TONY STARK,Vision
TONY STARK,He
TONY STARK,Rogers
TONY STARK,But
TONY STARK,spell
TONY STARK,Avengers
TONY STARK,terms
TONY STARK,Doc
TONY STARK,Wong
TONY STARK,F.R.I.D.A.Y.
TONY STARK,Doc
TONY STARK,responders
TONY STARK,today
TONY STARK,It
TONY STARK,Banner
TONY STARK,buddy
TONY STARK,guy
TONY STARK,thing
TONY STARK,front
TONY STARK,eye
TONY STARK,someth--
TONY STARK,stone
TONY STARK,Bye
TONY STARK,you
TONY STARK,Hammer
TONY STARK,Kid
TONY STARK,space
TONY STARK,wizard
TONY STARK,Pete
TONY STARK,air
TONY STARK,kid
TONY STARK,res
TONY STARK,while
TONY STARK,.
TONY STARK,Honey
TONY STARK,Pep
TONY STARK,outerwear
TONY STARK,What
TONY STARK,You
TONY STARK,I
TONY STARK,I
TONY STARK,What
TONY STARK,Island
TONY STARK,You
TONY STARK,trouble
TONY STARK,courtesy
TONY STARK,movies
TONY STARK,plan
TONY STARK,I
TONY STARK,ass
TONY STARK,I
TONY STARK,Earth
TONY STARK,adults
TONY STARK,autopilot
TONY STARK,?
TONY STARK,I
TONY STARK,York
TONY STARK,compass
TONY STARK,self
TONY STARK,time
TONY STARK,I
TONY STARK,pop
TONY STARK,one
TONY STARK,guy
TONY STARK,Earth
TONY STARK,Earth
TONY STARK,Thor
TONY STARK,dance
TONY STARK,Mr.
TONY STARK,Lord
TONY STARK,attitude
TONY STARK,off
TONY STARK,this
TONY STARK,Flash
TONY STARK,mind
TONY STARK,You
TONY STARK,we
TONY STARK,Quill
TONY STARK,he
TONY STARK,Parker
TONY STARK,Quill
TONY STARK,Quill
TONY STARK,moon
TONY STARK,You
TONY STARK,curse
TONY STARK,Do
TONY STARK,that
TONY STARK,Quill
TONY STARK,You
TONY STARK,sport
TONY STARK,twenty-
TONY STARK,kid
TONY STARK,Pepper
TONY STARK,I
TONY STARK,he
TONY STARK,deal
TONY STARK,Bear
TONY STARK,Bleecker
TONY STARK,I
TONY STARK,soup
TONY STARK,Pre
TONY STARK,Cap
TONY STARK,H.
TONY STARK,Mom
TONY STARK,timescape
TONY STARK,method
TONY STARK,fluctuation
TONY STARK,fluke
TONY STARK,dream
TONY STARK,he
TONY STARK,heist
TONY STARK,Future
TONY STARK,quantum
TONY STARK,We
TONY STARK,don’t-
TONY STARK,Fine
TONY STARK,Scott
TONY STARK,job
TONY STARK,lunch
TONY STARK,Friday
TONY STARK,Strip
TONY STARK,decomp
TONY STARK,Shit
TONY STARK,What
TONY STARK,Mommy
TONY STARK,mind
TONY STARK,minds
TONY STARK,bed
TONY STARK,you
TONY STARK,lot
TONY STARK,What
TONY STARK,I
TONY STARK,Time
TONY STARK,.
TONY STARK,say
TONY STARK,I
TONY STARK,I
TONY STARK,I
TONY STARK,bed
TONY STARK,guess
TONY STARK,time
TONY STARK,GPS
TONY STARK,Stones
TONY STARK,offer
TONY STARK,Morgan
TONY STARK,team
TONY STARK,Lebowski
TONY STARK,hands
TONY STARK,you
TONY STARK,me
TONY STARK,Stones
TONY STARK,drop
TONY STARK,rabbit
TONY STARK,Sullivan
TONY STARK,cross
TONY STARK,Jolly
TONY STARK,Park
TONY STARK,Cap
TONY STARK,Cap
TONY STARK,Hydra
TONY STARK,You
TONY STARK,Little
TONY STARK,80th
TONY STARK,way
TONY STARK,Thumbelina
TONY STARK,emergencies
TONY STARK,Stuart
TONY STARK,dysrhythmia-
TONY STARK,Window
TONY STARK,Ray’s-
TONY STARK,drop
TONY STARK,problem
TONY STARK,Hulk
TONY STARK,You
TONY STARK,Asgard
TONY STARK,particles
TONY STARK,idea
TONY STARK,I
TONY STARK,coordinates
TONY STARK,You
TONY STARK,You
TONY STARK,site
TONY STARK,Captain
TONY STARK,pain
TONY STARK,soul
TONY STARK,MIT
TONY STARK,Howard
TONY STARK,Potts
TONY STARK,That
TONY STARK,Sauerkraut
TONY STARK,Congratulations
TONY STARK,she
TONY STARK,girl
TONY STARK,that
TONY STARK,names
TONY STARK,time
TONY STARK,I
TONY STARK,Wildly
TONY STARK,dad
TONY STARK,stuff
TONY STARK,time
TONY STARK,He
TONY STARK,Howard
TONY STARK,it
TONY STARK,family
TONY STARK,question-
TONY STARK,what
TONY STARK,on-
TONY STARK,energy
TONY STARK,go
TONY STARK,today
TONY STARK,Protocol
TONY STARK,Banner
TONY STARK,him
TONY STARK,I
TONY STARK,Time
TONY STARK,life
TONY STARK,Yeah
TONY STARK,All
TONY STARK,I
TONY STARK,stubborn
TONY STARK,time
TONY STARK,Scott
TONY STARK,Doc
TONY STARK,You
TONY STARK,Friday
TONY STARK,Man
TONY STARK,play
